size,duration,throughput
1024,0.0000002636799293941069,3883496185.519253
1280,0.0000007793685267974053,1642355260.6875188
1536,0.0000009225036068296994,1665034140.3852704